strategy,macro_f1,retention,compression_ratio
Mixed Conservative,0.5048135035982366,0.8748766748841814,0.9630265116802134
Mixed Aggressive,0.3823460122552915,0.6626320521793276,1.09590239220239
