rank,f1_macro,silhouette_comp_run,silhouette_depth_run
256,0.577011044059513,0.0847414,0.138759
128,0.577011044059513,0.091942534,0.103684686
64,0.577011044059513,0.10058928,0.056702737
